DATE,CPI1,CPI2,CPI3,CPI4,CPI5,CPI6,rec,f_t0,f_t1,f_t2,f_t3,f_t4,r_t0,r_t1,r_t2,r_t3,e_t0,e_t1,e_t2,e_t3,e_t4
1981-09-30,8.1,9.642857142857142,8.035714285714286,7.921428571428572,7.628571428571428,7.707142857142857,0,0.024107142857142855,0.04468072385204103,0.06536913318689663,0.08568724451267529,0.10660611124176755,,,,,0.0037428385762028615,-0.0001207535586877917,-0.011525835749094826,-0.01661929055797806,-0.018971502998173184
1981-12-31,11.831578947368422,9.473684210526315,8.136842105263158,8.052631578947368,8.289473684210526,8.552631578947368,0,0.023684210526315787,0.044508102493074686,0.06553569981957996,0.08761752517768318,0.11087250515681113,0.0035949248120299773,0.004217405745625458,0.005405173355590209,0.007060555177003547,-0.007426985092789752,-0.019219085152034188,-0.02543454375021592,-0.029452785293290207,-0.04945632018571278
1982-03-31,7.073333333333333,5.873333333333333,6.4,6.64,6.486666666666666,6.7,0,0.014683333333333333,0.03091826666666675,0.04803150989333327,0.06502708754543685,0.08286629126182299,-0.005658771929824495,-0.009964936241920297,-0.01442262781237269,-0.02014399718358173,-0.0057960244104750605,-0.007455771110321363,-0.006794396491271559,-0.020590542931145928,-0.037718761933703604
1982-06-30,3.2333333333333334,3.411111111111111,5.305555555555555,5.855555555555556,6.116666666666666,6.061111111111111,0,0.008527777777777778,0.021904778163580163,0.03686432866614142,0.05271971235866113,0.06867134022231802,-0.007472222222222236,-0.010960821836419665,-0.01275090848052507,-0.014476580010212237,0.005919015738782863,0.010160056226835357,-0.001628246918431886,-0.01677890897599732,-0.02075026904543309
1982-09-30,5.075,7.279999999999999,5.465,6.18,6.085,6.015,0,0.018199999999999997,0.03211115749999993,0.04805727488337497,0.06400084617753832,0.08000075890193314,0.0049361111111110335,0.004014211126543099,0.004239012704957412,0.0043658378319451074,-0.0008328586314692056,-0.011617930685133393,-0.02686936241376725,-0.031003277577329902,-0.036930248307976754
1982-12-31,7.0736842105263165,3.9842105263157896,5.015789473684211,5.2894736842105265,5.405263157894737,5.473684210526316,0,0.009960526315789473,0.022624899757617722,0.03614776849783352,0.05014939689582398,0.06451986232703,-0.0037019736842104373,-0.006698685867382315,-0.008834402173486744,-0.010546693166966437,-0.006887805250579302,-0.01886935178902771,-0.020784163171783776,-0.024884801470764106,-0.02901286335127029
1983-03-31,1.368421052631579,2.594736842105263,3.9578947368421056,4.410526315789474,4.605263157894737,4.436842105263158,0,0.006486842105263157,0.016445764542936114,0.027653416525659447,0.03948495257118534,0.05101502908457367,-0.006052631578947443,-0.00948321139196695,-0.012139099649837615,-0.014536303299344855,-0.005806106911253694,-0.00419253105076467,-0.005529522720349567,-0.007150030855732625,-0.004044300697916059
1983-06-30,-0.2590909090909091,3.590909090909091,4.409090909090909,4.581818181818182,4.545454545454546,4.681818181818182,0,0.008977272727272728,0.020098954028925586,0.03178372386598416,0.043508538909915906,0.055722332035793354,-0.0009174641148324506,-0.0009312010957280847,-0.001001712649907338,-0.0007326623820664846,0.002587353123067399,0.0013296173996459881,-0.0001510708047596232,0.002749964491444823,0.0004001169437983787
1983-09-30,3.9869565217391307,4.282608695652174,4.556521739130434,4.4,4.521739130434782,4.630434782608695,0,0.010706521739130434,0.02221978733459351,0.03346420499527403,0.04514684383435119,0.05724555458091185,-0.0003162055335968056,-0.00038374572325761136,-0.0007598227564165061,-0.0011823060603419755,-0.0009553448729566622,-0.002381186124102319,0.000833037775405332,-0.0010984241974982822,-0.004118453034173353
1983-12-31,4.527272727272727,4.95,4.836363636363637,4.818181818181818,5.027272727272727,5.259090909090909,0,0.012375,0.024615534090909108,0.03695749393336767,0.04999016425484837,0.06379514857351709,0.0009836956521740194,0.002098925395257023,0.002882001835069037,0.003944124340411692,-0.0023849900099899048,-0.000306509781884845,-0.0029914599673337428,-0.0070331212978056445,-0.011847096625465348
1984-03-31,3.7052631578947373,3.8210526315789473,4.11578947368421,4.489473684210526,4.526315789473684,4.594736842105263,0,0.009552631578947368,0.019940396814404515,0.031387885741808175,0.043058853922570695,0.05504030628407608,-0.002538277511961784,-0.0043416073178268455,-0.005767480851448514,-0.007732748570099535,0.004624750550957124,0.003798475589156247,0.0012530638130878735,-0.0015158272163393605,-0.003935789304188253
1984-06-30,4.45,4.277272727272727,4.681818181818182,4.972727272727273,5.1499999999999995,5.277272727272727,0,0.010693181818181819,0.022522886105371898,0.03523470471218193,0.048563351535351185,0.06239723848003931,0.0004037081339713037,0.0008942424073110633,0.002045526361748262,0.003506092228339419,-0.0012653534696772887,-0.004317424466880659,-0.00825160978370354,-0.012152428258368264,-0.016558486854551857
1984-09-30,3.676470588235294,3.764705882352941,4.517647058823529,5.023529411764706,5.341176470588235,5.535294117647059,0,0.009411764705882352,0.020812179930796093,0.03363237995522117,0.0474344123228585,0.06192905617573796,-0.0022927807486631153,-0.0034696924865591505,-0.00383712156950744,-0.003722612966304606,-0.0007161125319693588,-0.0034208755829701065,-0.006901301050229236,-0.011363558860700618,-0.019416978881052094
1984-12-31,3.8263157894736843,4.0210526315789465,4.252631578947368,4.273684210526316,4.494736842105263,4.61578947368421,0,0.010052631578947367,0.020791085872575943,0.03169743273742509,0.043290453889500924,0.05532947662714682,-0.001241486068111532,-0.00320369613434468,-0.005970691358646807,-0.008737165865017937,-0.0014319419237749913,-0.002911136958144267,-0.0045582245637341146,-0.009765549674941587,-0.011268173945154336
1985-03-31,3.2049999999999996,3.285,3.6450000000000005,3.9549999999999996,4.24,4.529999999999999,0,0.008212500000000001,0.01739983640624998,0.027459377288716835,0.03835044668797716,0.05010976549671864,-0.0024190789473683243,-0.004029543095134924,-0.005447642871801994,-0.0064757768499204005,0.0009676202912313851,0.0009604041762127924,-0.0027680192640255896,-0.003212744883608565,-0.009590613866455877
1985-06-30,3.2350000000000003,4.13,4.085,4.325,4.555,4.65,0,0.010324999999999999,0.02064294406249978,0.03167864589517544,0.0434268864753069,0.055556724030582316,0.0012124999999999202,0.0015528442187497937,0.0017861909930816378,0.0018708995214467006,-0.0012283877038895257,-0.005272806044934075,-0.005957190437207993,-0.012372934154102344,-0.029521592286541942
1985-09-30,4.168,3.492,3.924,4.312,4.508,4.612,0,0.00873,0.018625641300000106,0.029606425713214035,0.04121009013100174,0.05321524247021214,-0.0014824999999999578,-0.002509781356249574,-0.0031571765685338704,-0.0035593890272715978,-0.0025130276655270633,-0.002150664613646436,-0.007847022542558202,-0.024424264827924258,-0.030212444832661722
1985-12-31,2.577272727272727,3.2045454545454546,3.5681818181818183,3.713636363636364,3.8863636363636362,4.081818181818182,0,0.008011363636363636,0.01700328318698352,0.026445234122935535,0.03641808270447089,0.04699425813934144,-0.0017986363636364605,-0.0036924686130166418,-0.005753758799850406,-0.00768216460671467,0.002183261016092383,-0.001556882198413767,-0.015941681450708067,-0.019735969636815565,-0.023206800616944134
1986-03-31,3.838095238095238,3.2809523809523813,3.1333333333333333,3.433333333333333,3.738095238095238,4.066666666666667,0,0.008202380952380954,0.016099966269841337,0.024821490980324157,0.034398691818652294,0.044915078518808604,-0.000718073593073694,-0.002187397495654775,-0.0033594602399389384,-0.004274378653835731,-0.003003604193971103,-0.015794155872287607,-0.018399472631700275,-0.020943034326297738,-0.01830957393165278
1986-06-30,1.2904761904761906,0.061904761904761886,2.5,3.423809523809524,3.7809523809523813,3.8,0,0.00015476190476190472,0.006405729166666818,0.015020082967510007,0.024614439466036364,0.03434827664096374,-0.007678571428571454,-0.010078173611111074,-0.010963103901703075,-0.011799576469680328,-0.005022422385443229,-0.005188814046496404,-0.006805905906360099,-0.003318424863054892,-0.0014915683963636628
1986-09-30,-0.7294117647058824,2.8588235294117648,3.376470588235294,3.523529411764706,3.682352941176471,3.9176470588235293,0,0.007147058823529412,0.015648564878892657,0.024595233854810994,0.03402753703706285,0.04415492438510227,0.0008970588235293229,0.0007855440455593055,0.00013934113407665372,-0.00016068666451851676,-0.0010327207006313342,-0.0025027379146618234,0.001696420073651117,0.003881359324905853,0.004759780598083241
1986-12-31,2.73,3.04,3.29,3.4949999999999997,3.725,3.8950000000000005,0,0.0076,0.015887509999999994,0.024763827118625015,0.03430694025866732,0.044378504089436,-0.0008411764705882853,-0.0014368468339098772,-0.0019258980590795005,-0.002438304874454067,-0.0006112427833486244,0.004167184621695519,0.0068375098610165,0.0082333210600809,0.007885245530740326
1987-03-31,2.6125,3.3000000000000003,3.50625,3.70625,3.875,3.81875,0,0.00825,0.01708794140625014,0.026511896863342432,0.03645623086420624,0.046351148943237996,2.5000000000073574e-05,5.357546875006669e-05,6.398393049389384e-06,-4.486489744115474e-05,0.004725256487628206,0.007353820814631096,0.008792870789041674,0.008504541616180195,0.0064551274599002895
1987-06-30,4.621739130434783,4.28695652173913,4.230434782608696,4.260869565217392,4.291304347826087,4.352173913043478,0,0.010717391304347824,0.021406826323251416,0.03228702947321649,0.04336167401767366,0.05471390266649645,0.0019517663043477143,0.003294357329110653,0.004311595935694967,0.005572287513098573,0.000602239318231966,0.0006366648891407145,-0.0007112177365466987,-0.004040851855028338,-0.0034776798485041116
1987-09-30,4.741176470588236,4.294117647058823,4.447058823529411,4.605882352941176,4.670588235294118,4.623529411764705,0,0.010735294117647058,0.02197229238754317,0.03374000275429978,0.045810437492342704,0.05789877578453351,0.00015920716112537842,0.0006313732003977446,0.001441871749353174,0.002280453996787779,-0.00013146495711690437,-0.001942837306541767,-0.00605222661291549,-0.006340628950369354,-0.005763282411926918
1987-12-31,3.99375,4.18125,4.35625,4.19375,4.33125,4.525,0,0.010453125,0.02145759106445322,0.032166935495769655,0.04334336809418482,0.05514618994575038,-0.0006645220588234538,-0.0013027783127093073,-0.0025356652532380064,-0.0033191774223040316,-0.0011263980982221741,-0.0045528985549807555,-0.0036038343590749644,-0.0022474776832259735,-0.002391890907569305
1988-03-31,3.5647058823529414,4.0058823529411764,4.135294117647058,4.252941176470588,4.31764705882353,4.7,0,0.010014705882352941,0.020456475562283805,0.03130632897157093,0.042438370816646254,0.05468702167374184,-0.0008759191176471014,-0.0010327058342007867,-0.001243664967222502,-0.0017923449285799364,-0.002506764790813869,-0.0013978558683769293,0.00016927021988144553,0.0005879069771739243,0.00017870168750566684
1988-06-30,3.2176470588235295,4.247058823529412,4.423529411764706,4.582352941176471,4.770588235294118,4.794117647058823,0,0.01061764705882353,0.02179388927335646,0.03349943985782611,0.045825440530248285,0.05835996603072102,0.0002794117647058267,0.0007133812716264565,0.0013972687256069705,0.0015960688872256323,0.0008469559792962725,0.001995162030742126,0.0017542144843922802,0.001179431926042973,0.005268580830843916
1988-09-30,4.65625,4.7375,4.9375,5.05,5.1375,5.06875,0,0.01184375,0.024333696289062567,0.03726590920471207,0.05058829322606018,0.06390121675428428,0.0007849264705882125,0.0016923018253947042,0.0024280122276612026,0.0033475596896521687,0.0003410048880702482,-0.0008142856911594887,-0.0021284765042302034,0.000984390253679246,-0.003827541492170239
1988-12-31,5.021428571428571,4.957142857142857,4.95,4.942857142857143,4.928571428571429,5.042857142857143,0,0.012392857142857143,0.024921218750000085,0.03758631666741086,0.05037086235491994,0.0636130378696087,4.910714285704526e-05,-0.00020337109375012652,-0.0007047171271450381,-0.001077265633501634,-0.0011946488561829713,-0.002244846969484904,0.001327457128781795,-0.0030584323437217176,-0.005942265193236818
1989-03-31,4.264285714285714,4.628571428571428,4.8999999999999995,5.028571428571429,5.057142857142857,5.1000000000000005,0,0.011571428571428571,0.02396317857142871,0.03683585853061255,0.04994442617060679,0.06333121760428218,-0.0008035714285714538,-0.0009218839285713987,-0.0006772520609055199,-0.0006487604222971122,-0.00022037652270202011,0.0034454593023256486,-0.0011215728163267435,-0.003986508119665277,0.000345415839793084
1989-06-30,5.20909090909091,5.845454545454545,5.2727272727272725,5.154545454545455,5.081818181818182,4.963636363636364,0,0.014613636363636362,0.027988088842975323,0.04123511716965633,0.054463536044607075,0.06754846992370589,0.0023636363636362675,0.0030126602715463413,0.003301070679859963,0.0032958304620658296,0.0012637247094543173,-0.0038982996286309746,-0.007016666581098896,-0.0027252387547083146,-0.004860268445468829
1989-09-30,5.800000000000001,4.1923076923076925,4.292307692307692,4.269230769230769,4.269230769230769,4.346153846153846,0,0.010480769230769231,0.02132400517751476,0.032224674848159385,0.04324168820471197,0.05457691039385937,-0.0027010489510489524,-0.0049140423431464075,-0.007051260594411746,-0.008930716800396477,-0.002396694857284991,-0.0032695724100666457,0.0030757832493883974,0.0028375357241481325,0.009556746302448849
1989-12-31,3.0266666666666664,4.08,4.133333333333334,4.12,4.166666666666667,4.233333333333333,1,0.0102,0.020638733333333326,0.031151312286666677,0.04189247178965294,0.05291916711609357,-0.0005307692307692097,-0.0008796431459567877,-0.001269808403123518,-0.0017463014614782502,-0.0003095963646084915,0.006359395509222043,0.006539144810366215,0.013707635133629603,0.020590589633438627
1990-03-31,4.008333333333334,4.816666666666666,4.183333333333334,4.216666666666667,4.383333333333334,4.458333333333333,1,0.012041666666666666,0.022625935763888938,0.033406117503399946,0.04473052620770801,0.05637491853106491,0.0017083333333333603,0.0018861690972222789,0.002033644933955303,0.0024426949702365253,0.004898513322745553,0.004901856718906306,0.011855925905811082,0.018265768127919246,0.014826775486934007
1990-06-30,7.042222222222222,4.043333333333333,3.9633333333333334,3.9311111111111114,4.204444444444444,4.487777777777778,1,0.010108333333333332,0.020116823402777984,0.030142304850553137,0.04097024507709346,0.05264935291005557,-0.0003499999999999042,-0.0009934248611109808,-0.0021576098838942404,-0.0028355124569983126,0.00030291081034189253,0.00773325468155317,0.015146607174433946,0.012387381159241873,0.006694738708892922
1990-09-30,3.6509090909090904,5.545454545454546,4.553636363636364,4.419090909090909,3.7654545454545456,3.962727272727273,1,0.013863636363636364,0.02540555216942164,0.03673395305372962,0.04649338949361259,0.05686080923180059,0.003955303030302957,0.0055720641601622045,0.0061808819371727,0.004378085448611957,0.0033955084071002808,0.009112737372051871,0.005769910933905553,0.0019352555347231792,-0.00018899058162036297
1990-12-31,6.419047619047619,7.4523809523809526,5.328571428571429,4.171428571428572,4.1952380952380945,4.242857142857143,1,0.01863095238095238,0.03220057185374148,0.04296494924593053,0.05390366496361709,0.06508257169555254,0.0072468614718613975,0.009642985340311716,0.01078137745218588,0.011494438193851986,-0.001664631793461789,-0.007384162636217884,-0.012324280722253667,-0.0151596791444224,-0.017982039915354964
1991-03-31,6.95,3.911818181818182,2.925,3.5436363636363635,3.6140909090909092,3.774545454545454,1,0.009779545454545456,0.017163558380681954,0.026174702813790862,0.035446424475236826,0.04521727346255777,-0.0035418831168830284,-0.006725365088705804,-0.008452865198174564,-0.01015558595456989,-0.0020604219485693114,-0.0037173432412398455,-0.0047603601843089205,-0.00581495037165114,-0.008862691789251143
1991-06-30,3.4455555555555555,2.884444444444444,3.609259259259259,3.692962962962963,3.9788888888888887,3.92037037037037,0,0.00721111111111111,0.01629932618312746,0.0256822156103238,0.03588490453838111,0.0460375357555467,-0.00010138888888894509,6.29531717637466e-05,0.0002639160059902945,0.0007903849795993789,-0.001527888971254496,-0.0027090123704267555,-0.003937713510002494,-0.00746879383909782,-0.009220140153866518
1991-09-30,2.0996,3.2927999999999997,3.5812,3.8944,3.802,3.9532,0,0.008232,0.017258701095999918,0.02716273180987061,0.03692591357572361,0.047173852379592596,-0.000791148148148197,-0.0010801598393568312,-0.0013057720727349675,-0.0016225339305833142,-0.0003695921375921167,-0.0012881851254837873,-0.004558309205447975,-0.005967682617492587,-0.00835321355895391
1991-12-31,3.0064516129032257,3.274193548387097,3.5016129032258063,3.5306451612903227,3.7225806451612904,3.770967741935484,0,0.008185483870967743,0.017011172118886808,0.025987936053436078,0.03553624313574,0.04529867755691486,-0.000767516129032246,-0.001764994289113142,-0.0024716978162719894,-0.0030876572955025328,-0.00014062770324441837,-0.0023841609048449453,-0.003072285151436871,-0.00481951958625193,-0.006293314319469667
1992-03-31,3.1931034482758625,3.106896551724138,3.1655172413793102,3.410344827586207,3.5344827586206895,3.5620689655172413,0,0.007767241379310345,0.01574250282401901,0.024402583300682235,0.03345441647208913,0.04265750623256914,-0.0009867908787542477,-0.0019154107913557095,-0.002726114446242045,-0.0033574542398848717,-0.0012376162281617122,-0.0009903867417941914,-0.0019116522245035128,-0.0027409944648340012,-0.004205269231360109
1992-06-30,3.373076923076923,3.161538461538462,3.3615384615384616,3.6115384615384616,3.7173076923076924,3.880769230769231,0,0.007903846153846155,0.01637411501479291,0.02555080053401304,0.03508152023320643,0.04512380152085349,-9.94694960215238e-06,-0.00013301206606297633,6.160616645134454e-05,0.00046016778131963143,0.00026530329353507444,-0.0005163543228179357,-0.001523890394656835,-0.0033659988492562576,-0.005479399790915718
1992-09-30,2.72,3.0839999999999996,3.2760000000000002,3.312,3.372,3.4560000000000004,0,0.007709999999999999,0.015963144899999948,0.024375319739772028,0.03301080368517817,0.04193601702901817,-0.0006938461538462627,-0.0015454244417161256,-0.0025892306814512267,-0.003917277806958719,-8.368922783630762e-05,-0.00023387893241189062,-0.001019743000020057,-0.0017905939616318367,-0.005949363072869529
1992-12-31,2.6,3.1870967741935483,3.225806451612903,3.270967741935484,3.3774193548387097,3.4419354838709677,0,0.007967741935483871,0.016096514047866606,0.02440556134822569,0.03305517927348056,0.041944452469325544,-0.00022225806451604824,-0.0004412991521334231,-0.0007016656170499846,-0.0009089741327752421,7.388531144160437e-05,-0.00048629645089381945,-0.000990234952766622,-0.004909483909241841,-0.006230166755039734
1993-03-31,2.92,3.068,3.1319999999999997,3.3,3.324,3.4844,0,0.00767,0.015560056099999997,0.023938426562825077,0.03244735488756212,0.041441003795987585,-0.00039451612903225117,-0.0007478263141518227,-0.0009507006326785472,-0.0012607779427606935,-0.0001617878930079593,-0.0003090002576722206,-0.003994738153627386,-0.004995454371372388,-0.00859257582789752
1993-06-30,3.952,3.3480000000000003,3.252,3.392,3.628,3.6319999999999997,0,0.00837,0.0165680480999999,0.02518854514788793,0.03448700525237913,0.04388014726007072,0.0005399999999999971,0.0004234505999998195,0.0005997860426629753,0.0009730534665886026,-0.0006848579413132449,-0.00422524418756387,-0.005393482269452798,-0.009335631242132214,-0.011742280469199784
1993-09-30,2.2,2.665,3.3065384615384614,3.335769230769231,3.3607692307692307,3.3742307692307696,0,0.0066625,0.01498392068509613,0.023448301015963402,0.032047234914307055,0.04075314875267555,-0.0014674999999999706,-0.001695021714903877,-0.0024519193916043847,-0.0031681594945613956,-0.002040359949156507,-0.0029663565529030045,-0.006115275825300248,-0.007780999647378772,-0.00747374038660209
1993-12-31,1.2185185185185186,3.072962962962963,3.0662962962962967,3.0229629629629633,3.0407407407407407,3.117777777777778,0,0.007682407407407408,0.01540703949159794,0.023080884173385385,0.030858193487333097,0.03889316040657054,-0.0005839387464387303,-0.001267666297048553,-0.002135844287550759,-0.003006829549360379,-0.00032100874166104184,-0.002754635534846228,-0.0035271689674964968,-0.0023327736575655678,-0.004846691577492956
1994-03-31,2.896153846153846,2.965384615384615,3.034615384615385,3.1576923076923076,3.196153846153846,3.2807692307692307,0,0.007413461538461538,0.01505624251109472,0.02306933073322548,0.03124404817398796,0.039702232530645754,-0.00025227920227924045,-0.00022483876291068405,7.023309138709521e-05,0.00027124089886343405,-0.002161120821402937,-0.0029530225978726676,-0.0020599678649908526,-0.004753981948822261,-0.005447836549828278
1994-06-30,2.1,3.1724137931034484,3.1724137931034484,3.3620689655172415,3.382758620689655,3.3793103448275863,0,0.007931034482758621,0.01592497027348383,0.024463994808110012,0.03312778083316825,0.04185592932641402,0.0003444960212200601,0.00038431115735959587,0.000808775233086978,0.0010766198898999324,-0.0011159504300553638,-0.00025027695226609303,-0.0033372342447295367,-0.004277258343390766,-0.00437296703654555
1994-09-30,2.8227272727272723,3.3227272727272723,3.409090909090909,3.4227272727272724,3.3818181818181823,3.409090909090909,0,0.00830681818181818,0.016900342200413254,0.025601773537650807,0.03427277035028742,0.04308759509759108,0.000375783699059622,0.0004974735916143391,0.0006032910141515746,0.0006148178882277033,0.0004928208073516193,-0.002685540756369731,-0.0037154919492030647,-0.0038124815416229474,-0.00743777560300618
1994-12-31,3.6166666666666667,3.2125,3.3958333333333335,3.3825,3.4291666666666667,3.4916666666666667,0,0.00803125,0.016589015299479204,0.025185546160105377,0.03397437641520695,0.043000111075998104,-0.0004914772727272927,-0.0005634575827522248,-0.0005664885383120932,-0.0005198631243903407,-0.0026633233616640377,-0.003616525923500591,-0.0037138396067615265,-0.007358406833457787,-0.011016214855913198
1995-03-31,2.308695652173913,3.2347826086956526,3.3078260869565215,3.4499999999999997,3.571739130434783,3.597826086956522,0,0.008086956521739132,0.01642339735349707,0.025190049155671135,0.03434432769242535,0.043647805205093704,-0.00040262681159425155,-0.0005942260188989135,-0.0005463815504276326,-0.0003459272733787877,-0.000522996566233171,-0.0004055998006604611,-0.0040554551623452895,-0.007870467848154039,-0.008497638353035963
1995-06-30,3.0974358974358975,3.4384615384615382,3.4256410256410255,3.464102564102564,3.535897435897436,3.5538461538461537,0,0.008596153846153845,0.017233874753451728,0.026043380938015392,0.035113341337461135,0.044309925254728544,0.0003265886287626505,0.0002679845360604727,-3.3514403932066728e-06,-0.00016223529141634607,-0.00020578069534791556,-0.003765117853473887,-0.007275440995423432,-0.007734228950620814,-0.007215643956428819
1995-09-30,3.383783783783784,2.9486486486486485,3.254054054054054,3.3351351351351353,3.4,3.438108108108108,0,0.0073716216216216214,0.01556672589481356,0.024034356568828352,0.032738648599663245,0.041615316402931146,-0.0011924809424809389,-0.0017318004036743773,-0.0022568278563623867,-0.0026707382717665595,-0.0023354928718953673,-0.005275506275807862,-0.005203614287243141,-0.004273573057732127,-0.007238263633060349
1995-12-31,2.013157894736842,2.5973684210526318,2.9394736842105265,2.9644736842105264,3.0368421052631582,3.0868421052631576,0,0.00649342105263158,0.013889823363919751,0.021403947614047736,0.029158553900538564,0.037100678793468456,-0.0016417140825035056,-0.0026509790465987226,-0.0037774516169599703,-0.0048345565329137585,-0.0012646628826969578,-0.00016433316784136842,0.001907599226910861,3.534588159648244e-05,0.00015422316731594776
1996-03-31,1.951851851851852,2.7603703703703704,2.667777777777778,2.7588888888888885,2.8107407407407408,2.8385185185185184,0,0.006900925925925926,0.013616395712448437,0.02060753324176523,0.027779191176739104,0.03507261684449703,-0.00044775828460044253,-0.0011979351609934241,-0.0019113748542289866,-0.0026306029666012254,0.0015516098348024266,0.004372334239870712,0.0032329522372118724,0.004080366690621284,0.003288891608038913
1996-06-30,3.2,3.4513513513513514,2.8162162162162163,2.8216216216216217,2.935135135135135,3.0216216216216214,0,0.008628378378378378,0.015729667366691125,0.022894679344602098,0.03040051462682003,0.03818421581163611,0.0019589339339339835,0.0021170000595922556,0.002159505989175914,0.002421902041212398,0.0008278863970353472,-0.0004706946609098761,0.00031615237686799524,-0.0007422296493859726,-0.0057320344232845155
1996-09-30,3.8,2.756470588235294,2.9458823529411764,3.135588235294118,3.2041176470588235,3.1826470588235294,0,0.006891176470588235,0.01430663384083064,0.022257753710960948,0.030446338982230925,0.03864520650732417,-0.0001493640699522505,0.00016237489269332883,0.0006718686464879386,0.0011433389211221723,-0.0011428264599430147,-0.0006809152970792542,-0.002244979599826058,-0.007665840791896583,-0.010755063863083114
1996-12-31,2.3161290322580643,2.8870967741935485,3.0612903225806454,3.0903225806451613,3.0580645161290323,3.083870967741935,0,0.0072177419354838715,0.01492620675078049,0.022767330186806545,0.03058655138855726,0.038532041252488325,-0.00014696394686906835,-0.0003352014326107877,-0.000626620482430118,-0.000950153648467511,0.0006146035344568443,-0.0007433108998067262,-0.005832529170718637,-0.008571310067642779,-0.011224674614046304
1997-03-31,3.186666666666667,2.996666666666667,3.0,3.0766666666666667,3.1566666666666667,3.2066666666666666,0,0.007491666666666667,0.015047854166666763,0.02285526391163195,0.030927296702667917,0.03919189719790084,-0.00016155913978500164,-0.0003903054327087929,-0.00034608419822901304,-0.00016260373616905355,-0.0011904694391935353,-0.006016138140622074,-0.00878259010360849,-0.011603625205083512,-0.01860798625482185
1997-06-30,2.4027777777777777,2.4433333333333334,2.901944444444444,3.0725,3.1216666666666666,3.111111111111111,0,0.006108333333333334,0.013407509554398178,0.02119174598716289,0.02916129657147093,0.03716588443369351,-0.0013916666666667285,-0.0018418446122685506,-0.0020696176661356702,-0.0023032123471147248,-0.003394912335629559,-0.005684695945548324,-0.008250815075036,-0.01496801750655763,-0.01796321275763435
1997-09-30,1.096875,2.2415625,2.7975,2.748125,2.8846875,2.9271875,0,0.00560390625,0.012636848569335779,0.019593980168022274,0.02694700519218718,0.03446217128408979,-0.0016509548611111768,-0.0023549889436851323,-0.0033190228102562003,-0.003921987809255789,-0.0006080694473354232,-0.002437015097229045,-0.008145187495249617,-0.010502375716749945,-0.013438024739543586
1997-12-31,2.0,2.4883333333333333,2.5258333333333334,2.6005555555555557,2.7269444444444444,2.745833333333333,0,0.006220833333333333,0.012574698637152881,0.019157840532042503,0.02610580756016967,0.033149596384983715,-0.0007729166666665763,-0.0013374131108938592,-0.002066320203149674,-0.0025916396700278455,-0.0010427057442694478,-0.006153820426713752,-0.0077659598361021764,-0.010157174585853301,-0.012437086028728395
1998-03-31,2.107142857142857,1.779642857142857,2.0385714285714287,2.264642857142857,2.391785714285714,2.4882142857142857,0,0.004449107142857143,0.00956821027104593,0.01528398886151816,0.021354843212773034,0.02770821749193675,-0.001865476190476203,-0.003288815513097676,-0.004478049021322095,-0.0054074361592837406,-0.003212758492537846,-0.003386467019449002,-0.004568967225416776,-0.0059004850837807155,-0.009162987737145967
1998-06-30,0.5,1.6828,2.3436000000000003,2.4332,2.4412000000000003,2.5108,0,0.004207,0.010090648813000147,0.016235030229729608,0.022437112619221544,0.028854950375132526,-0.0008894285714285575,-0.0006962408776887141,-0.0005958235683329871,-0.0007189738202795226,0.0007322879193250751,-0.0006236803009607161,-0.0020345774616703505,-0.005149604901584226,-0.0027178851353713007
1998-09-30,2.0,2.076071428571429,2.3578571428571427,2.4535714285714287,2.5275,2.597857142857143,0,0.005190178571428572,0.01111541567761476,0.017317525414851653,0.023745700528566616,0.030394563230035088,-0.0006688214285714865,-0.0008622246193852323,-0.0008362144208808875,-0.0007989903321150571,-0.0006847515798251826,-0.0018997695584257457,-0.005029997255933116,-0.00265211052242309,-0.0027476248724682684
1998-12-31,1.7936666666666667,1.9656666666666667,2.1396666666666664,2.2893333333333334,2.3503333333333334,2.4006666666666665,0,0.0049141666666666665,0.010289620029861224,0.016071844288498838,0.02204211310023063,0.028176069182353825,-0.0009804761904762512,-0.001775108716949969,-0.002387868463081144,-0.0030321317500592304,-0.00022507390417925415,-0.0025424232918389578,0.00044191717939101594,0.000995603515467458,0.002201096974628891
1999-03-31,1.9034482758620688,1.893793103448276,2.026551724137931,2.152758620689655,2.2651724137931035,2.307931034482759,0,0.00473448275862069,0.009824848754458992,0.015259621625815845,0.021008966845177834,0.026900012547845575,-0.0006146839080460485,-0.001278266309429954,-0.0017845668250027202,-0.0021391818099929516,-0.001690651589789688,0.001944631765021354,0.003003365387171053,0.004559214973003822,0.00861135108851796
1999-06-30,1.5,2.7771875,2.1690625,2.1965625,2.2009375,2.2221875,0,0.00694296875,0.012403274332885683,0.017962792001077643,0.02356397320737713,0.029250350874156394,0.0018765894396550742,0.001927731741476757,0.0017649960999419623,0.0015028912304086983,0.0017562017942038821,0.0027696975465396623,0.004493206380472126,0.008805033468730628,0.012222438929606616
1999-09-30,3.5176470588235293,2.333235294117647,2.4247058823529413,2.3420588235294115,2.4208823529411765,2.448235294117647,0,0.005833088235294117,0.011930211749567432,0.017855211952627625,0.024015481253790938,0.030283058361112003,0.0004104319852941815,0.0009863712411446457,0.0013488109217825173,0.0018619106778443584,0.0005848820815930614,0.0017079751738180438,0.00561049201849162,0.008475493475450957,0.010832063981447204
1999-12-31,2.6026315789473684,2.6184210526315788,2.442105263157895,2.4355263157894735,2.4131578947368424,2.486842105263158,0,0.006546052631578947,0.012691281163434986,0.01885737182604519,0.025004031102127344,0.03137658905865037,0.0004842879256966807,0.0007388768749401198,0.000780423243654349,0.0006958527256188951,0.000628120345702898,0.004247738366258247,0.0070493639252502405,0.009471855705365684,0.010074188143422314
2000-03-31,2.9,2.5089285714285716,2.5089285714285716,2.4267857142857143,2.430357142857143,2.3964285714285714,0,0.006272321428571429,0.012583984873246079,0.018727295745758266,0.0249169736453565,0.031057324442820944,0.00016705827067659343,0.00035273210316311143,0.0003893583783713961,0.00024792212788971035,0.003422969430154351,0.006015144529207372,0.008379946042923914,0.009115475899558412,0.014055457512066383
2000-06-30,4.0,3.301153846153846,2.5234615384615386,2.5776923076923075,2.666923076923077,2.647692307692308,0,0.008252884615384615,0.014613603053809321,0.021152007253488758,0.027960341886465345,0.034764648611029125,0.001980563186813245,0.0022362633894279504,0.002623571342307285,0.003329829363708958,0.000565457536290814,0.0026311549316895277,0.0029514612944243623,0.007117063561310699,0.008151283193791548
2000-09-30,3.6000000000000005,2.838461538461538,2.7038461538461536,2.696153846153846,2.5615384615384613,2.603846153846154,0,0.007096153846153846,0.013903736501479358,0.02073783764847481,0.027274485724185338,0.03396164752067832,0.0007874999999999792,0.0011101974648668467,0.0011916924583239563,0.0009797293191413647,0.001256604506604437,0.0012477786500360022,0.005291688381051429,0.006525048075348483,0.0015861380271073866
2000-12-31,3.1,3.06875,2.809375,2.640625,2.58125,2.58125,0,0.007671875,0.014749195434570206,0.021448125670056273,0.028039658106020715,0.034673726524736104,0.0009122596153845527,0.0012036330270257523,0.0014119734109403481,0.001363462817294936,-0.0009294361635521272,0.002781145540194041,0.003787859689219353,-0.0010699027602298905,-0.008859817836622152
2001-03-31,2.703125,2.59375,2.459375,2.428125,2.48125,2.528125,1,0.006484375,0.012672681274414233,0.01881992090996265,0.025139788231857363,0.03161899204966656,-0.0005390625000000074,-0.0009986843872067386,-0.001392792783193375,-0.0016564856293497243,0.004231277506697371,0.005697008737066689,0.0012719275400947527,-0.006196045407517614,-0.009422283285793531
2001-06-30,4.2,2.9066666666666667,2.493333333333333,2.4133333333333336,2.5833333333333335,2.4733333333333336,1,0.007266666666666667,0.013545295555555725,0.01966035217207418,0.026245658613185396,0.03259127760227698,0.001118229166666619,0.0012892226185441391,0.0011251282826250097,0.0012729738164973803,0.0003062223905084581,-0.004268506460515908,-0.011519496435610899,-0.014886325027422487,-0.012712443827191722
2001-09-30,3.1,2.293939393939394,2.4242424242424243,2.56969696969697,2.6121212121212123,2.6333333333333333,1,0.005734848484848485,0.011830211202938479,0.018330453771878696,0.024980460219995004,0.031728248249776714,-0.000498484848484828,-0.0004740632415058954,-0.000511619111686068,-0.00016145281423307623,-0.004043754911003925,-0.011266513344990292,-0.014572468052224341,-0.012767006631118516,-0.014817312511332448
2001-12-31,0.7,1.5785714285714287,2.0214285714285714,2.0571428571428574,2.142857142857143,2.3642857142857143,0,0.003946428571428572,0.009019943558673305,0.014209188982689414,0.019642452495096663,0.025669267705380028,-0.0021141774891775275,-0.0035038397287463496,-0.00492668143498598,-0.006202729069495261,-0.005071920974354937,-0.006956540819974988,-0.0037045932220440836,-0.004448305055591906,-0.004472494116935177
2002-03-31,-0.4,1.4245937499999999,2.02596875,2.1210625,2.2154375,2.35971875,0,0.0035614843749999995,0.008644444890118619,0.013992939659843051,0.019609034617987353,0.025624011009631076,-0.0014920870535713245,-0.0015779734772283227,-0.0016413845201859179,-0.0020284138710342514,-0.00036899611208914647,0.0029987475981443357,0.002345088509171145,0.0027383832223881743,0.0061130781922467126
2002-06-30,1.397657142857143,2.9886857142857144,2.1654857142857145,2.2036285714285713,2.442,2.4976,0,0.007471714285714286,0.0129258782977959,0.018506159313187,0.02472413941579399,0.031122516942306166,0.002406792410714214,0.0025314426331595197,0.0025155593421435363,0.0027399092733118025,0.0009520970209125519,0.00017782817917888494,0.0005878129818335243,0.003729623219922873,-0.0011711878520779262
2002-09-30,3.4,2.1575757575757577,2.1545454545454543,2.321212121212121,2.3545454545454545,2.375757575757576,0,0.0053939393939393945,0.01080935674931105,0.016675114077113973,0.02265963349861355,0.028733611927878044,-1.9774891774849458e-05,-0.00014325350366850564,-0.0004493618614600514,-0.0008157676677209569,-0.0007531374633659152,-0.0002283283476034459,0.003187518185740812,-0.0013119446179750138,-0.001445696576105382
2002-12-31,1.9,2.184375,2.2421875,2.104375,2.225,2.265625,0,0.0054609375000000005,0.011097017364501971,0.016416335579293007,0.0220701514459527,0.02785922066312696,7.457386363642245e-05,-0.00012363380629687448,-0.0007567280608977711,-0.0011443037237375275,0.00045184890059122955,0.004054497787013167,0.000213376172369939,0.00047234670630147413,-0.003099427610651073
2003-03-31,2.4,2.525714285714286,2.145714285714286,1.8845714285714283,2.186,2.257142857142857,0,0.006314285714285714,0.011712443061224542,0.01647905397153293,0.022034112001487305,0.027801304490638445,0.0007088169642857052,0.0008165467904726054,-3.99507222248463e-05,-0.00024251986729373343,0.002870137503936168,-0.0010585121280870524,5.2907821266545696e-05,-0.0032978886363146387,-0.00043172330033725004
2003-06-30,3.8966666666666665,1.9133333333333333,1.8443333333333334,2.0636666666666668,2.1443333333333334,2.2036666666666664,0,0.004783333333333333,0.009416221819444459,0.014623968343847826,0.020063198334144383,0.025682896504300334,-0.0005809523809523773,-0.0006847659152493524,-0.0009972212888160747,-0.0012889965828750682,-0.0033271993690084647,-0.0021355519978207838,-0.0051590975757371815,-0.002043540525626053,0.004167849764356468
2003-09-30,0.6035714285714285,1.6500000000000001,1.5535714285714286,1.957142857142857,1.8821428571428573,2.0964285714285715,0,0.004125,0.008024949776785473,0.012957071852478963,0.017723396645927814,0.023057357662277456,-0.00048583333333323056,-0.001768838280853391,-0.002250052403972136,-0.0030766728592395154,0.0016910668847690997,-2.7857810227738256e-05,0.003582368351083165,0.01062992941732177,0.010021522744847244
2003-12-31,2.3031249999999996,2.1,1.834375,1.846875,2.0625,2.05,0,0.00525,0.009860013671874945,0.014522726703750655,0.019753859513316874,0.024980098043322574,0.0013660714285715038,0.0010642244499363684,0.0009801930093122913,0.0008992770038906972,-0.003081586555836703,0.0008013524285948037,0.007884212219270603,0.007351308538725121,0.010798723785372832
2004-03-31,0.8989999999999999,1.7603333333333333,1.57,1.6103333333333334,1.7973333333333334,1.847,0,0.004400833333333333,0.008343106604166595,0.012402527894170623,0.016951589919508292,0.021647363885961557,-0.00018510416666658175,-0.0008811925291343226,-0.0020255840315364093,-0.0026754660798178342,0.004073742937852863,0.011851628339937248,0.012480270519100278,0.01658609489837848,0.01784055533509865
2004-06-30,3.5987037037037037,2.8234444444444446,2.0334814814814814,2.1161481481481483,2.1265185185185183,2.1725555555555554,0,0.007058611111111112,0.012178198702263332,0.017532996254212563,0.02294250315355817,0.028498501699158574,0.0031336111111111556,0.0042115639730966326,0.005037231446329615,0.005771539151675054,0.004563058833462586,0.0040921392201398454,0.007319497934952679,0.007810223469005839,0.01280312533463368
2004-09-30,4.701071428571429,3.1645,2.5611428571428574,2.513892857142857,2.4969642857142857,2.5082857142857145,0,0.00791125,0.014364761746428645,0.020739772569158044,0.027111649461941445,0.03355237315524606,0.0028275462962962985,0.003963792996908744,0.004967212891700878,0.005822033990213971,-0.0033159866560621056,-0.0012859353059901935,-0.0018284964998755981,0.002227339580122889,0.008688701429413026
2004-12-31,1.89846875,2.54734375,2.350125,2.3119375,2.19190625,2.3878125,0,0.006368359375,0.012281087976440341,0.018131914496024137,0.02371103876279501,0.02982211379965949,-3.449776785715425e-05,-0.0004467415513658146,-0.0009177780854818796,-0.001728823283834613,0.002076397838230236,0.001969439820885377,0.006498627375896904,0.013762571370913745,0.01592032110533692
2005-03-31,3.4005882352941175,2.293264705882353,2.307029411764706,2.2409117647058823,2.375235294117647,2.3375,0,0.005733161764705883,0.011533801726151705,0.01720069671786617,0.02324092420797963,0.02922048835881985,-0.00014215073529406843,-0.00015531291208059628,-3.223715394762294e-05,-6.441345111118935e-05,2.3991061532681844e-05,0.0045164425166952515,0.0115850674133271,0.013744421221189684,0.013870928249693604
2005-06-30,2.4,3.4614857142857143,2.2289142857142856,2.437885714285714,2.3486285714285713,2.496114285714286,0,0.008653714285714285,0.014274220968489848,0.020455932552658096,0.026447612450350544,0.03285293882278717,0.0028861407563024674,0.002872056468873563,0.0030479727588754724,0.0030941748915231937,0.001580457440218154,0.008622570011562303,0.010593503700594198,0.01067294262337004,0.016930235505053348
2005-09-30,4.199044444444445,2.7634,2.485177777777778,2.459311111111111,2.470422222222222,2.3613555555555554,0,0.0069085,0.013164366571138952,0.019393582531364473,0.025689413930054972,0.031744457419700556,0.0013362142857143034,0.0014634050817921018,0.00175234658227863,0.0016978059140078106,0.005625840659340782,0.007440029033256579,0.007220428457646477,0.01345893771829676,0.014958839283595982
2005-12-31,5.100418604651162,3.625325581395349,2.4163720930232557,2.2586976744186047,2.3357441860465116,2.3389302325581394,0,0.009063313953488372,0.015158995033315303,0.02089133818643263,0.026852690705818194,0.03285703271250706,0.0028503695090438368,0.0027595739028307698,0.002239281986633923,0.0021871352758058293,-0.00109315963773483,-0.0012536194185961413,0.005393213280414866,0.006893281822585751,-0.004876703731669263
2006-03-31,3.200619047619048,2.2215,2.511452380952381,2.4585714285714286,2.360095238095238,2.2681428571428572,0,0.00555375,0.011867250899032733,0.018086620680451304,0.02409357414404223,0.029900550457143904,-0.00048718023255813966,0.00014546489275901742,0.0004570264752756792,0.0005135683802854896,0.0003345407133244181,0.006302331873511147,0.00748538470312865,-0.004241622596262706,5.402558592471074e-05
2006-06-30,2.202566666666667,3.3158155555555555,2.5298933333333333,2.3505955555555555,2.323186666666667,2.2454666666666667,0,0.008289538888888889,0.01466670134515069,0.02062937894153105,0.02655716035344402,0.03231991006594814,0.002010907936507874,0.002203050664666195,0.0021919516592576738,0.0023448291308276747,0.003919860676255996,0.004901788368848248,-0.006747458888010094,-0.002631754767225658,0.006599641698560976
2006-09-30,4.999393023255815,3.3387395348837208,2.7473581395348834,2.8287232558139532,2.7340162790697677,2.5473418604651163,0,0.008346848837209302,0.01527257364377732,0.022452386493917897,0.029440890167038214,0.035996734848030565,0.0020221155038759146,0.003034184196396561,0.004334950221906553,0.005608081980274404,-0.0010765249773285017,-0.013620227311986088,-0.010877700439721139,-0.003052919248333952,-0.004836787723113245
2006-12-31,2.9106555555555556,0.5196133333333334,2.8080355555555556,2.8023755555555554,2.5546177777777777,2.3163977777777776,0,0.0012990333333333334,0.008328241551691873,0.015392527591943761,0.021877377097966555,0.027795063311644386,-0.0055693620155037645,-0.005660533910813559,-0.005526902417832824,-0.005543629912375225,-0.006876461154855374,-0.004054947588437274,0.0035871312007071943,0.001839814503083348,0.008400802830087928
2007-03-31,-2.2006200000000002,2.379975,2.62008,2.4873225000000003,2.2892225,2.3328225,0,0.0059499374999999995,0.012539110780612539,0.018835389061549135,0.024666241302638836,0.030642152459392058,-0.0010701513888889428,-0.001536099310915251,-0.0017162574292375332,-0.0017954141032447968,0.003956034126525512,0.012155709410743176,0.01062353538582772,0.017341346952062242,0.02245583500349113
2007-06-30,3.8,4.098822727272727,2.433336363636364,2.2635954545454546,2.508665909090909,2.420659090909091,0,0.010247056818181817,0.016392734067212755,0.022144488999381595,0.028555036583676197,0.03477948933319275,0.003696856818181866,0.003583496667614039,0.003538887363625509,0.004008869782615054,0.004396730801978126,0.002968427635158255,0.009642249103051448,0.014213317154042393,0.020876704262090096
2007-09-30,6.0,2.4255,1.9560333333333335,2.2847717948717947,2.345038461538462,2.3301897435897434,0,0.00606375,0.010983485576145924,0.016758151958459866,0.022718994389523184,0.02867681766777541,-1.9590909091017628e-05,-0.0007932695263843659,-0.0013641277769111948,-0.0015646027260942663,-0.0014144591456443853,0.0059120502675040765,0.010960507989702384,0.017701502414894543,0.028801811370974262
2007-12-31,1.89935,2.9689714285714284,2.8710500000000003,2.2946,2.165561904761905,2.178945238095238,1,0.007422428571428571,0.01465332898030347,0.02047388780199899,0.025998636242569706,0.03158762334940213,0.002532345238095165,0.004023384348604164,0.003919027943940057,0.003521862113917029,0.004767143551675216,0.00830928026434985,0.015131777056075268,0.026586219652235066,-0.004022877764856991
2008-03-31,4.3,3.221472972972973,2.1964432432432432,2.272856756756757,2.1318378378378378,2.3357135135135136,1,0.008053682432432433,0.013589014181445425,0.01934837078008722,0.024781084347005544,0.03076507191476141,0.0008760574324324678,0.0006337147356330064,0.0009090278150085673,0.0007939324903203371,0.002589617417962927,0.009545083797705134,0.020560441644219996,-0.009591070653037992,-0.020902249057708877
2008-06-30,4.3,3.362605,3.0301125,2.4376275,2.564215,2.40747,1,0.0084065125,0.01604547544651913,0.02223732642701659,0.028790417141976832,0.03498237230586887,0.0029154043918918435,0.004841024191105214,0.005643565394161776,0.006260476645627122,0.0039527423732121005,0.01291183578113575,-0.017738494995347853,-0.029562674765866825,-0.0324478635118437
2008-09-30,5.0,5.1889095238095235,2.610102380952381,2.5805571428571428,2.0765119047619045,2.4360999999999997,1,0.012972273809523809,0.019582177168796067,0.026159902343853014,0.03148698547736872,0.03776899909067222,0.005396992559523743,0.005866662884058016,0.005945926740460683,0.005132673524361531,0.0034231473559808226,-0.027346637664124818,-0.039131100496969884,-0.04119178743565921,-0.03868191891774364
2008-12-31,6.7,-2.2297159090909093,0.5751931818181818,1.4502272727272727,2.3004795454545457,2.3185636363636366,1,-0.005574289772727273,-0.0041443225518587035,-0.0005337798940197036,0.005214349095296722,0.011040982686704837,-0.012099545725108234,-0.017163068351024657,-0.01881138940668281,-0.01926482562870091,-0.01819587010572738,-0.02474858537264435,-0.025145421901149545,-0.022243490148223133,-0.01971540122054849
2009-03-31,-9.2,-2.6690473684210527,0.8584026315789475,1.6687552631578948,1.7069447368421053,1.8837184210526317,1,-0.006672618421052632,-0.0045409313251356664,-0.000387987424862124,0.0038777187345109265,0.008605276112672255,-0.008110601375598079,-0.009609695966745324,-0.011237102403555022,-0.012830691243781667,0.0014251369002965843,0.002585406265097623,0.007293142900020366,0.011585587880590609,0.009557403611620607
2009-06-30,-2.4,0.8017357142857142,1.553904761904762,1.6142,1.8504023809523809,1.8975023809523808,1,0.0020043392857142855,0.005896887571377629,0.009956184461171969,0.014628247782133341,0.0194413965720035,-0.00014166729323308262,-0.00042996006489781635,-0.000665023965392475,-0.0007522751119801718,0.0013049827813971454,0.006319856563628878,0.010863856454652598,0.008905405875600403,0.002250261145959609
2009-09-30,1.3,2.222051612903226,1.5835032258064516,1.6837032258064517,1.5275774193548388,1.9711838709677418,0,0.005555129032258065,0.009535878508629914,0.013785275546660758,0.017656864284159468,0.022671836276800805,0.0016703671274961186,0.0015999396472012872,0.001186619032440328,0.00025468686572693855,0.003322912736100426,0.00791708286985715,0.006372347975618808,0.0006648389498726814,-0.0006204805082610232
2009-12-31,3.599965714285714,2.2264228571428575,1.4511314285714285,1.3556885714285716,1.8863800000000002,1.9229714285714286,0,0.005566057142857144,0.009214078415418658,0.0126345283960001,0.017410062200189147,0.022301188402069183,0.001607299078340967,0.0010293988520779784,0.0005996484550583325,0.0003879151787564705,0.002933403897149729,0.001966243969386383,-0.003273970355584188,-0.004352672253341794,-0.002619856241645069
2010-03-31,3.4,1.9108641025641027,1.2232820512820513,1.8076717948717949,1.8909820512820512,2.0348384615384614,0,0.004777160256410257,0.00784997492060957,0.012404629853425275,0.01719072731264437,0.02236527434928437,0.0011493316849816304,0.000820629406276252,0.0006261842971135856,0.0005482291492098224,-0.0021188927526936963,-0.0069961350985030535,-0.007885114392167436,-0.006103095090326693,0.0016620239540929838
2010-06-30,1.5,1.3247048780487805,1.8913365853658535,1.8181512195121952,1.9671682926829266,1.9845243902439025,0,0.003311762195121951,0.008055762801040922,0.012637757337223388,0.017617829557741826,0.022666548064502745,0.0002535570669168572,0.00046455760777330823,0.0002832099338305749,0.00011333722992468154,-0.005111405942240669,-0.006199449421034231,-0.004230740717704906,0.003694547243241919,0.00893672774660037
2010-09-30,-0.7,1.220316129032258,1.647951612903226,1.6926193548387098,1.550416129032258,1.8644741935483873,0,0.0030507903225806448,0.007183238241920575,0.01144518284921392,0.015365585162017359,0.02009839248839662,-0.0016775511408340755,-0.0021119733697696486,-0.002813662608074363,-0.0039253138373473995,0.0006117580868883572,0.0030418235933122872,0.01170850609041163,0.018097556129188064,0.021200791838903665
2010-12-31,1.5,1.9726500000000002,1.7208124999999999,1.44366,1.78715,1.8714849999999998,0,0.004931625,0.009254872254863322,0.01289742447706188,0.017422923557447234,0.022183152907682135,0.0008117459677419222,0.0008860113680346782,0.0006200852254012457,0.0004271718664152768,0.001606940612678848,0.010165141534676403,0.01679442058476921,0.020076369384662618,0.018684028751924098
2011-03-31,2.6,2.444218918918919,1.2680054054054053,1.6778243243243245,1.7338918918918917,2.1053756756756754,0,0.006110547297297297,0.00929993132831819,0.013533501266621784,0.01792689506663936,0.02328469137786282,0.001808516047297348,0.0013732234022323375,0.001103502800360756,0.000760027711179001,0.006687221826452006,0.013702942322189937,0.017226102376170838,0.016178719183751022,0.017177279837029324
2011-06-30,5.2,3.51692,2.0333025,1.919715,2.2104925,2.051435,0,0.0087923,0.013920249763927028,0.01878634454461592,0.02441639347891167,0.029670202589302752,0.005622286486486463,0.006542378625149503,0.007041762598741119,0.007346555450973069,0.0012838522565240297,0.00381461801188121,0.0022522534620486034,0.002898242210972679,-0.0004270162517194809
2011-09-30,4.1,1.59475,1.8929029411764706,2.068764705882353,2.0542735294117644,2.207205882352941,0,0.003986875,0.008737999271475116,0.013955103197412999,0.019162456018689156,0.024786209438683482,-0.0010963812500000567,-0.0011689404867047948,-0.0015328158508505219,-0.0015334816776064741,0.003595439959297287,0.002115089107703083,0.00311141539611004,-0.0001866252971738369,5.154412960450827e-06
2011-12-31,3.1,1.8953536585365856,2.111080487804878,1.9543170731707316,2.172421951219512,2.1312243902439025,0,0.004738384146341464,0.010041093141641477,0.014975944523968332,0.02048833457857735,0.02592555865011037,6.126793400325868e-06,0.00011244920651742873,-0.0001393736107324628,-0.0002284048097571656,-0.0014922241340819395,-0.0006282605686434017,-0.0036681678857111155,-0.003408788186338718,-0.0036651231960900255
2012-03-31,0.9000000000000001,2.063624324324324,2.0274648648648648,2.2684837837837835,2.1659675675675674,2.2744324324324325,0,0.005159060810810811,0.01025387250929688,0.0159832338275272,0.021484700661684286,0.027292945492730425,-0.00011864040870139883,6.459285285687066e-05,0.0003075607560565352,0.0003974456726454356,0.0009876585154441793,-0.002218340505965699,-0.0021946075348435734,-0.002531948884863855,-0.004590474614373896
2012-06-30,2.5088888888888885,2.0679555555555553,2.096597222222222,2.116941666666667,2.1373277777777777,2.0377222222222224,0,0.005169888888888888,0.01043847988115365,0.015786078180312968,0.021213747683249906,0.02641612255148229,0.00010122672672682482,-0.00033013718526886393,-0.00045576899331201126,-0.0008065330313917762,-0.0032926152857497256,-0.0028432586081110767,-0.0030582799332135036,-0.004759137998503471,-0.010031582176961873
2012-09-30,0.8255813953488372,1.683160465116279,2.058825581395349,2.018920930232558,1.9376186046511628,2.2061744186046512,0,0.004207901162790698,0.00937662345267376,0.014471252431613957,0.019385398363102047,0.025007753334521654,-0.0010335918927648485,-0.001184963607160583,-0.0014900880061659016,-0.0017515595754995505,0.0014993324680705328,0.0014535699550852765,7.876927831218516e-05,-0.00490531467060773,-0.003925812204847778
2012-12-31,2.2823529411764705,2.3305323529411766,2.0771823529411764,2.1315676470588234,2.2394735294117645,2.3431294117647057,0,0.005826330882352942,0.011049542643933874,0.016437343880617572,0.02212805519543304,0.0281155009672287,0.0006792669288646462,0.0008291975770018389,0.0013234444751886176,0.0014153599979083165,-0.0007324431130439728,-0.0022569360250670467,-0.007714278391707241,-0.0068405967933433676,-0.010483926976190716
2013-03-31,2.094457894736842,1.8235736842105263,2.0972736842105264,2.1611000000000002,2.162763157894737,2.192913157894737,0,0.004558934210526316,0.00982602175292202,0.015281859291947697,0.02077139479233625,0.02636755234944288,-0.0006340216718265963,-0.0007235260889566497,-0.0009254359563080072,-0.0013886634607847004,-0.0008789607328576303,-0.006215236965785298,-0.0051399504048044165,-0.008297250461844818,-0.0090891183201387
2013-06-30,1.4108108108108106,1.2627405405405405,2.1196324324324323,2.053672972972973,2.1087351351351353,2.143589189189189,0,0.0031568513513513512,0.008472660843704238,0.013650343462596304,0.018994143697599775,0.024454905773293012,-0.0020863328591749237,-0.00220160098031541,-0.0024885410066868285,-0.0027155015966862095,-0.0032257863628691857,-0.002034417997147875,-0.004888416269457574,-0.005445541642187468,-0.0033119632823264133
2013-09-30,0.0,2.0894794117647058,1.7043088235294117,1.7885323529411765,1.844635294117647,2.022502941176471,0,0.005223698529411764,0.009506727576973129,0.014020566183931216,0.01869681149729141,0.023847604740842243,-7.538255166936094e-05,-0.000953742385534806,-0.0017668875177645482,-0.0025342197150768353,0.0012839279319677146,-0.0006752565747614181,-0.00040209032721105764,0.002516528347019653,0.00015205056033829045
2013-12-31,2.601631428571429,1.6183457142857143,1.8660171428571426,1.9637514285714286,2.108822857142857,2.1135371428571426,0,0.004045864285714285,0.008729781273144166,0.013682017645688216,0.019026207167402998,0.02441058151338593,-0.0002149077731091846,-2.1372989721601954e-05,0.0002789184274842871,0.0004990810772838028,-0.0017370446804397706,-0.0016649074377210749,0.0009286151963430189,-0.0016472739333861508,-0.010095329177097323
2014-03-31,0.89215,1.7898894736842106,1.6527394736842105,2.052660526315789,1.8965842105263158,2.045821052631579,0,0.004474723684210527,0.008625061249587729,0.013800973372287473,0.018607870669072657,0.02381759423455021,-0.00019031917293233815,-0.0009722626404213841,-0.001119005300545206,-0.0016747856836423214,0.0002703749691380739,0.0036484147451674165,0.0012344262310775012,-0.006629094770700172,-0.01927038598408637
2014-06-30,1.9003052631578945,2.0218552631578945,1.9184631578947369,1.8672026315789474,1.963678947368421,1.9851236842105264,0,0.0050546381578947365,0.009875038895337473,0.014589142220815532,0.019569960567834555,0.0246298917589165,0.0009227894736841659,0.0005903356886005628,0.0005189554340094826,0.00031325843859231206,0.002438184998442855,0.00036666416328734464,-0.007389627383948882,-0.019766916395884904,-0.017464383683727602
2014-09-30,3.0008157894736844,2.2104684210526315,2.063863157894737,2.15975,2.2161999999999997,2.13201052631579,0,0.005526171052631579,0.010714342099467755,0.01617156785034113,0.021801666422015975,0.027247896193562715,0.0007300131578947154,0.0012277891291774257,0.0017292461507525392,0.0023248610247490475,-0.002797734840376087,-0.011005469056136197,-0.02380415719256279,-0.022126547228732973,-0.023639047059208274
2014-12-31,1.1180425,0.8521599999999999,1.68681,1.9943525000000002,1.9813125,1.948585,0,0.0021303999999999997,0.006356408950060066,0.01137398250026167,0.016383602284518073,0.02133487688866187,-0.0030292578947368246,-0.0042304828725221455,-0.004812065996463666,-0.005218744592432767,-0.005141746900991584,-0.01668924202859068,-0.014418991406667248,-0.01550558497663701,-0.019890215822978785
2015-03-31,-1.176237142857143,-1.5653685714285714,1.5426771428571429,1.9259685714285715,2.074722857142857,2.046062857142857,0,-0.003913421428571429,-7.182143589912204e-05,0.004742754178101771,0.009954161072206702,0.015120235313173414,-0.008130446428571414,-0.009295753271777563,-0.009480147636390823,-0.009209489575116026,-0.00343017887698982,3.8057756333254034e-05,-0.0008416423682702234,-0.005484693989683986,-0.011024982345838374
2015-06-30,-3.0989410256410257,1.6102923076923077,1.9022897435897437,1.9295871794871795,1.8514,2.0837128205128206,0,0.004025730769230769,0.008800600394087255,0.013667022157035635,0.01835877996908941,0.023663698083348006,0.0001690379120879177,0.00011041643529141609,-0.00025504325284742,-0.0007496561359754406,0.0033381834998410225,0.002527299288878737,-0.0017665625501464,-0.006835302886367467,-0.005772617688281745
2015-09-30,3.0,1.922421052631579,1.7452552631578946,1.8447894736842105,2.1742842105263156,2.083828947368421,0,0.004806052631578948,0.009190160261099534,0.013844518722587962,0.01935548404505605,0.02466589020833565,5.0328272604525416e-05,-0.0004124735084733988,-0.0004310608373874203,-0.00020374308657489237,-0.0008710442818204859,-0.004686777448236867,-0.009715362660184912,-0.008905272381843243,-0.010155458989383304
2015-12-31,1.5995825,0.9411375,1.7795225,2.05449,2.1626149999999997,2.1810025,0,0.00235284375,0.006812117345980306,0.011983330913395651,0.017454656741353825,0.023002334616327502,-0.002010294407894797,-0.0021831171744899347,-0.0024965096243600993,-0.002310189941987728,-0.0017866970787743242,-0.006618730611749779,-0.005493664491498684,-0.00692068513837385,-0.004619384039250329
2016-03-31,0.20140526315789475,0.25876315789473686,1.6765526315789474,2.067115789473684,2.1319315789473685,2.024981578947368,0,0.0006469078947368422,0.004841000911517623,0.010033807658754279,0.015417115084634725,0.02055761746712048,-0.0038018983552632613,-0.004766880408363816,-0.005032556531778587,-0.005183904800811767,-0.0010194569143447685,0.0010791671557093263,-7.162278480477013e-05,0.0023896076044407355,0.005165071608509653
2016-06-30,-0.3009075,1.8425075,1.9719874999999998,2.1841975000000002,2.051775,2.12265,0,0.00460626875,0.009558946260991519,0.015071636577306258,0.020278383095152286,0.02569261786984467,0.0004148871710526157,0.00017811503075604307,0.000310978173861054,0.0003805455909382527,0.00168879355612531,0.0007796392624668247,0.0031144103253213373,0.005826580378634816,-0.0003890734121054784
2016-09-30,2.502151282051282,1.8701666666666665,2.2205000000000004,2.076379487179487,2.1704,2.2100974358974357,0,0.004675416666666666,0.010252621073437496,0.01549679062160303,0.021006876207515734,0.026648187905365273,-0.00025455208333329156,-0.00016476149010968832,-0.00010346475471734173,1.7211126008831457e-05,-0.0006571884463406185,0.0015639773000570845,0.0041891860960641125,-0.00211730508306629,-0.0026669117907105466
2016-12-31,1.601615,2.4187925,2.13708,2.1870925,2.3118925,2.2702549999999997,0,0.00604698125,0.011421988456724153,0.016952172069946148,0.02282988231861438,0.028635093954822555,0.0004957312500001032,0.0006509734847048865,0.0006967135706887895,0.0009593648617423067,0.001720178681938439,0.00418305541296049,-0.002140346461477094,-0.002946729470170384,0.0001967257461119587
2017-03-31,3.4032925,2.605755,2.2231549999999998,2.3760725000000003,2.4618775,2.4568149999999997,0,0.0065143875,0.01210848123285646,0.018120589056041858,0.02438680948225147,0.030678631680596924,0.0011716875000000772,0.0012688375351070924,0.0014385638808736,0.0019344656794231252,0.0012630875452035416,-0.00511811088083336,-0.00609797768485576,-0.0034845012839779255,-0.0009392844270692535
2017-06-30,3.1,1.6077342857142856,2.214528571428571,2.37954,2.3795428571428574,2.254037142857143,0,0.004019335714285714,0.00957790947730075,0.015583737024094768,0.021625299592260117,0.02738225302066888,-0.0015385517857142558,-0.001953174131816393,-0.0021730106232422663,-0.0023825481650050495,-0.004800365964187995,-0.005365534790327198,-0.0025601941507227277,0.00016708290501599166,-0.0013856884614182885
2017-09-30,-0.3006885714285714,1.702314285714286,2.2977285714285713,2.3329628571428573,2.2064914285714283,2.2271314285714285,0,0.0042557857142857146,0.010024553743931186,0.015915428165648393,0.021519449876650887,0.027207095055944208,-0.0012805357142858078,-0.001493552430370526,-0.0016200547196976167,-0.0017499399401919025,0.00074152227129502,0.0037908095960250687,0.00667562888046036,0.005279075391388943,0.004676194503685949
2017-12-31,2.0003589743589743,2.6167589743589743,2.1665641025641023,1.9538717948717947,2.154915384615385,2.2147589743589746,0,0.006541897435897436,0.011993741292676052,0.016937006361922524,0.022415539362407477,0.0280765493407249,0.0007975760073259276,0.0003835094999165012,-0.0002534986946016726,-0.0004385080507565142,0.002232310499097402,0.005512523570652572,0.004755805259789803,0.004336752768543395,0.002960188660855012
2018-03-31,3.701138235294118,2.6351970588235294,1.8962117647058823,2.2709029411764705,2.293579411764706,2.2385235294117645,0,0.006587992647058823,0.01135975263173128,0.017101502223828557,0.022933509886767345,0.02865816171403046,0.0011715823906485586,0.00103220546006777,0.001331029114912674,0.001538819849834283,0.0020681138033714222,0.0014464864504142305,0.0007202105584180885,-0.0008646168763508655,-0.004355826101875904
2018-06-30,3.5004967741935484,2.056135483870968,2.4019064516129034,2.3747838709677422,2.4117709677419352,2.2279903225806454,0,0.00514033870967742,0.011175971370485316,0.017179282339287116,0.023312290994623286,0.02901211569790796,0.0003998092979128039,0.0007312714003198106,0.0009407444676758914,0.0013865684267104772,-0.0010258217745449912,-0.002089022634239379,-0.00388160191658371,-0.007800334975455181,-0.0061718027861557
2018-09-30,1.6987777777777777,2.3568777777777776,2.350602777777778,2.390863888888889,2.1289972222222224,2.375338888888889,0,0.005892194444444444,0.011803326910459822,0.01785103700287949,0.023268542078917376,0.029345065983359175,-0.00011257168458789126,-0.00017404895037209656,-0.00022798299573456582,-0.0004811534301449871,-0.0009401379635852756,-0.002657792877548193,-0.006500300715524432,-0.004619477992306331,-0.006169814288201625
2018-12-31,1.9996030303030305,2.41189696969697,2.4275363636363636,2.2157454545454547,2.3573515151515148,2.398890909090909,0,0.0060297424242424244,0.01213517688082888,0.017741761674727075,0.023739699384519364,0.029879299029841988,0.0001532354797980093,0.0002463853935463778,0.0004671991217590765,0.0004242072587774537,-0.0018569288805423976,-0.005768027557404798,-0.004112248189560352,-0.005606301779351508,-0.005550908800926457
2019-03-31,1.498825,1.2292833333333333,2.305058333333333,2.3045166666666663,2.232661111111111,2.2369166666666667,0,0.003073208333333333,0.008853563977863743,0.014665863608896323,0.02032937614502517,0.026035355612496147,-0.0029956325757576558,-0.0027882580842375493,-0.0029379469082768672,-0.0033772356974131057,-0.0008879910578522892,0.0005638388973387976,-0.0007632923849243411,-0.00025755542515626395,-0.002896054275385973
2019-06-30,0.8987194444444445,2.7120166666666665,2.1833722222222223,2.1649361111111114,2.059011111111111,1.9291222222222224,0,0.006780041666666666,0.012275480608823441,0.017754259964729346,0.022993178288849503,0.02792687547239625,0.001017395833333364,0.0007183428254060598,0.0005509614733221202,0.00010138226798295236,0.0004363744957894969,-0.0005836757941948267,9.334259022941716e-05,-0.002084783612469776,-0.016149536914047635
2019-09-30,2.9016363636363636,1.822860606060606,2.1232333333333333,2.060469696969697,1.9448787878787879,2.1070636363636366,0,0.004557151515151515,0.009889424588489959,0.015091540980126661,0.02002711599464524,0.025400271105188166,-0.0009012790404041007,-0.0010108891283926447,-0.001012410182177792,-0.0009773069483467456,-0.00011382773651030884,0.0006655924087586307,-0.001497661557379848,-0.015498871296976802,-0.00816132454265639
2019-12-31,1.79942972972973,1.8353243243243242,2.176581081081081,2.081845945945946,2.1054972972972976,2.097008108108108,0,0.004588310810810811,0.010054730589776018,0.01531167645493059,0.020656016431656044,0.02600682628677231,-0.0007197725225226246,-0.00043186984812471074,-8.810886953880548e-05,-9.254880288489531e-05,0.0014963463061440172,-0.0009446539657591568,-0.015227131197854238,-0.007916997234679757,-0.007627988094687899
2020-03-31,2.599085714285714,1.9157885714285714,1.9760428571428572,2.1404942857142855,2.177057142857143,2.174577142857143,1,0.004789471428571428,0.009753239073443387,0.01515666666898885,0.020681801849715686,0.026230680140797435,-0.0006519812741312588,-0.0009211491597471699,-0.0008376520463830861,-0.0006388876760008433,-0.0017823492290025382,-0.01571706310896004,-0.008542549225740936,-0.008461974235645986,-0.004655935830218505
2020-06-30,1.20044,-2.3936900000000003,1.6178775,1.8864325000000002,1.9525424999999998,1.8857825,1,-0.005984225000000001,-0.0019637356074559964,0.0027430845058658004,0.007637830728562944,0.012388295197377719,-0.010924332142857198,-0.012281514142373995,-0.01307349286983972,-0.013701175423384226,-0.002959825382625911,0.005559916695152545,0.006442000236401402,0.010874123673407565,0.02697764265184821
2020-09-30,-3.5019290322580643,2.144232258064516,1.7271838709677418,1.7241870967741935,1.671941935483871,1.9815032258064516,0,0.00536058064516129,0.009701687093654154,0.01405397364484906,0.01829257205330137,0.02333694709414713,0.0013158868951612399,0.0009218369892975975,0.0003499097143113694,-0.00019055533708400851,0.007292823509431639,0.008591059276409574,0.013649815223172546,0.030453402632086846,0.042382979448738256
2020-12-31,5.198733333333333,2.010090909090909,2.134312121212121,1.8249666666666666,2.0747515151515152,2.1453545454545453,0,0.005025227272727273,0.010387821084457682,0.014997631319170424,0.020262301002807126,0.025734361915337844,0.000707267595307837,0.0017407812392022937,0.002134593263867668,0.0023817845044877828,0.0005436496918237218,0.004474504615215924,0.020643951855012332,0.032141139474040736,0.046993681412990984
2021-03-31,2.201567567567568,2.4735405405405406,2.0358945945945948,2.1615054054054057,2.2211702702702705,2.217127027027027,0,0.006183851351351351,0.011305062011687905,0.01676991540681816,0.022415963176335207,0.028083028338390603,0.0008480710483210717,0.001382520989006819,0.0016090285787058178,0.0018103762909118526,0.003058129927122736,0.018601100458664588,0.029805276591638785,0.04437127328478807,0.06243883196157807
2021-06-30,3.7029333333333336,3.4112151515151514,2.750412121212121,2.43220303030303,2.3820727272727273,2.2799333333333336,0,0.008528037878787878,0.015462707228698358,0.021637235912901787,0.027721271404987702,0.0335791113651176,0.0034383013923012934,0.004941703496379013,0.00550488415314776,0.0059566833949260545,0.011946914189398736,0.02152863024290652,0.03538105727160579,0.05281429937906945,0.07434498235976972
2021-09-30,8.403857142857143,5.102571428571428,2.6511571428571425,2.427122857142857,2.382262857142857,2.4738942857142856,0,0.012756428571428571,0.019468869670382638,0.025654810159688957,0.031763258555922436,0.03814444162980113,0.00588039826839816,0.006470522037245852,0.006623873184879336,0.006924015078845658,0.0034285697667908316,0.016341260742185337,0.03320074390770511,0.05393129129997387,0.06266363015911813
2021-12-31,6.601865714285713,4.650405714285714,3.2889085714285713,2.7448885714285716,2.6414400000000002,2.507317142857143,0,0.011626014285714286,0.019943877959375245,0.026942958694648356,0.03372447921668442,0.04020416698601226,0.004998121428571461,0.007207961183754774,0.008175534022454967,0.008656247268570061,0.007686544063840079,0.022047054596167737,0.041459499156379476,0.04955078423345993,0.05274018965866745
2022-03-31,8.20242121212121,5.518284848484848,3.701190909090909,3.0780757575757574,3.0329454545454544,2.8362969696969698,0,0.01379571212121212,0.023176340804658135,0.031049876530547804,0.038867671621630295,0.0462340146939717,0.005573440692640772,0.008035424900326715,0.009205376073950333,0.01061795058170989,0.008452982864660332,0.024983469549251902,0.0317009495793128,0.03336905075756613,0.036080050724351054
2022-06-30,9.200096551724137,7.255789655172414,4.795927586206896,3.798203448275862,3.331351724137931,3.1143172413793105,0,0.018139474137931034,0.03034678211449182,0.04013044886635986,0.048793049776758135,0.05695873547065444,0.008886496865203809,0.013327412035253783,0.015399668097955566,0.01679616698773212,0.007207699690836577,0.009273841832157403,0.008769615901162098,0.0099650300594607,0.008898005329253555
2022-09-30,10.503089999999998,5.941013333333333,4.1502566666666665,3.6553366666666665,3.3451566666666666,3.0650233333333334,0,0.014852533333333333,0.025382279563708865,0.0347525731733076,0.04340609684456065,0.051401256926987715,0.0028627143678161254,0.0037831025481542824,0.004645130708431422,0.005278450958330794,-0.0009319311390707224,-0.0024116296805039017,-0.002167604042617066,-0.0038979497455904344,-0.0027037076246170244
2022-12-31,5.698239393939394,5.158151515151515,4.391972727272727,3.5134636363636362,3.359769696969697,3.138209090909091,0,0.012895378787878789,0.02401690098592102,0.03301151634751065,0.04168821832062353,0.04986080691219019,0.002519737121212076,0.004408101494026706,0.004875838923085629,0.005674391293352565,-0.003969583543796576,-0.005608786094049023,-0.007775275117839708,-0.007388740597371601,-0.008577736519739254
2023-03-31,3.1021433333333333,3.26463,3.30394,2.99896,2.8369833333333334,2.609166666666667,0,0.008161574999999999,0.016488838385263715,0.02410986180217356,0.03137331832576118,0.03810088053342353,-0.0028183568181817994,-0.0033711965017595436,-0.004316410185759567,-0.005121495352377714,0.0012368561755017656,-0.00032268814659031086,0.0010393440153178002,0.000697697502058725,
2023-06-30,3.802064516129032,3.435116129032258,3.26531935483871,2.977348387096774,2.725535483870968,2.546967741935484,0,0.008587790322580646,0.016821193404566337,0.024389770754938533,0.03136979742870616,0.037936961438849615,0.0003279403225806884,0.0010020160051760207,0.0013659381656423442,0.0016728656314159984,-0.0018830849712059613,-0.001217073014120329,-0.0019282887949212402,,
2023-09-30,2.7014833333333335,3.114663333333333,3.0685366666666667,2.6558066666666664,2.5878566666666667,2.61444,0,0.007786658333333332,0.015517734116516468,0.02226028103747857,0.028873938745857197,0.03559876169689402,-0.00037664005376339665,-0.00014969769653760956,-0.00032774483862207937,-0.00022533391823298388,0.0010534861417687306,0.0001341015458020678,,,
2023-12-31,3.5980040000000004,3.1934159999999996,2.729544,2.5773919999999997,2.563148,2.488376,0,0.007983539999999999,0.014861878559264241,0.02140112077652323,0.027946126376313662,0.034340917551733074,0.000312198333333279,0.0005000862250794658,0.0004767711255784235,0.0003489130836151766,-0.0012315374904639954,,,,
2024-03-31,2.794856,2.504624,2.492772,2.469204,2.3418799999999997,2.220456,0,0.00626156,0.012532511603610796,0.018782884923064902,0.02474755307942389,0.030436070211225186,-0.0005622999999999037,-0.0007787978018218844,-0.0010215916225677635,-0.0014010659265304426,,,,,
